index,feature,feature name,importance
1,13,median_aY_hand(t),1.0
2,1,mean_aY_hand(t),0.98550415825019211
3,37,q20_aY_hand(t),0.90195567074088545
4,61,q95_aY_hand(t),0.71322868831192743
5,49,q80_aY_hand(t),0.68693161889232712
6,8,mean_aZ_chest(t),0.60859760113534023
7,25,q05_aY_hand(t),0.58297701032160942
8,20,median_aZ_chest(t),0.53026902697584044
9,133,crestfactor_aY_hand(t),0.52538981084708403
10,750,hand_roll_q20,0.50307176467240056
11,749,hand_pitch_q20,0.46243090385919416
12,56,q80_aZ_chest(t),0.45772413799447731
13,954,spectral_energy_aZ_chest,0.45020250498576353
14,44,q20_aZ_chest(t),0.4362959725063148
15,999,bin_0_aY_hand(t),0.4257192845231747
16,737,hand_pitch_mean,0.42392961856517936
17,68,q95_aZ_chest(t),0.40002733231589394
18,738,hand_roll_mean,0.39217973389760047
19,12,median_aX_hand(t),0.38754099619516985
20,877,std_aZ_chest(s),0.38144307887251733
21,128,rms_aZ_chest(t),0.3722434285135135
22,913,rms_aZ_chest(s),0.36400855248846847
23,0,mean_aX_hand(t),0.36125988681616916
24,777,hand_pitch_rms,0.36122868668041519
25,753,hand_pitch_q80,0.35464903078135196
26,740,chest_roll_mean,0.34064709105759577
27,869,std_aX_hand(s),0.33815154214706544
28,32,q05_aZ_chest(t),0.33765128926982479
29,741,hand_pitch_median,0.33550100810053529
30,14,median_aZ_hand(t),0.32811458346556438
31,747,chest_pitch_q05,0.32733604431708641
32,140,crestfactor_aZ_chest(t),0.32202768237407775
33,783,chest_pitch_crestfactor,0.32071298744525045
34,871,std_aZ_hand(s),0.3202740473431801
35,776,chest_roll_mad,0.30582897176745416
36,38,q20_aZ_hand(t),0.3010347439119665
37,775,chest_pitch_mad,0.30016204926531448
38,966,spectral_entropy_aZ_chest,0.29979357361094167
39,773,hand_pitch_mad,0.29836302383686808
40,1001,bin_30_aY_hand(t),0.29781645976108323
41,26,q05_aZ_hand(t),0.29704034276638414
42,912,rms_aY_chest(s),0.29586551976781539
43,55,q80_aY_chest(t),0.2922489484298505
44,48,q80_aX_hand(t),0.28921615197251316
45,7,mean_aY_chest(t),0.28311117002385289
46,2,mean_aZ_hand(t),0.28123284015935046
47,778,hand_roll_rms,0.272601777000896
48,752,chest_roll_q20,0.27253360290115802
49,1002,bin_70_aY_hand(t),0.26917601168898608
50,24,q05_aX_hand(t),0.26763620384149484
51,127,rms_aY_chest(t),0.26697447880189196
52,36,q20_aX_hand(t),0.26639041672476532
53,774,hand_roll_mad,0.26516689357195128
54,905,rms_aX_hand(s),0.25945942273169137
55,739,chest_pitch_mean,0.25944072453338052
56,19,median_aY_chest(t),0.25892912981245142
57,953,spectral_energy_aY_chest,0.25830474605804504
58,907,rms_aZ_hand(s),0.25695438255052255
59,946,spectral_energy_aX_hand,0.25118257432980345
60,50,q80_aZ_hand(t),0.24760213233944328
61,754,hand_roll_q80,0.24683319617404698
62,876,std_aY_chest(s),0.24631011811463363
63,948,spectral_energy_aZ_hand,0.24596935001483564
64,947,spectral_energy_aY_hand,0.24372657063233624
65,122,rms_aZ_hand(t),0.23942077435550371
66,906,rms_aY_hand(s),0.23561109744730926
67,870,std_aY_hand(s),0.23388092763350357
68,120,rms_aX_hand(t),0.23238424479923428
69,67,q95_aY_chest(t),0.23051552152916729
70,1037,bin_70_aZ_chest(t),0.22716767707642258
71,742,hand_roll_median,0.21803106394241467
72,1032,bin_70_aY_chest(t),0.21663829283239625
73,121,rms_aY_hand(t),0.21642400276067092
74,43,q20_aY_chest(t),0.21318194143751287
75,60,q95_aX_hand(t),0.20913276382959473
76,42,q20_aX_chest(t),0.20338892146828469
77,153,smv_ha(t),0.19751312823458239
78,900,mad_aY_chest(s),0.19334421574985672
79,62,q95_aZ_hand(t),0.1930959756611749
80,978,spectral_centroid_aZ_chest,0.19116107599125418
81,1035,bin_10_aZ_chest(t),0.18942874640751636
82,944,sma_ca(s),0.18934461382691625
83,757,hand_pitch_q95,0.18534271354516341
84,901,mad_aZ_chest(s),0.18060671432734043
85,1031,bin_30_aY_chest(t),0.17660690888488192
86,159,sma_ca(t),0.1752510987261367
87,761,hand_pitch_kurtosis,0.17511152891040221
88,31,q05_aY_chest(t),0.17488971894112651
89,683,derivative_4_std_aX_chest,0.17378009762473609
90,157,sma_ha(t),0.17282097371597235
91,6,mean_aX_chest(t),0.17262917260674859
92,1036,bin_30_aZ_chest(t),0.17175552609447481
93,784,chest_roll_crestfactor,0.16718187198909268
94,1000,bin_10_aY_hand(t),0.16633188050497166
95,760,chest_roll_q95,0.1659264985721553
96,30,q05_aX_chest(t),0.15976506577418709
97,792,mean_aY_chest(s),0.15946060539262336
98,764,chest_roll_kurtosis,0.15892004709683907
99,780,chest_roll_rms,0.15833057982742757
100,763,chest_pitch_kurtosis,0.15745087173382571
101,149,corr_caY_caZ(t),0.15629935984134125
102,1030,bin_10_aY_chest(t),0.15436712773338424
103,751,chest_pitch_q20,0.15045147482396659
104,934,corr_caY_caZ(s),0.1496784518894137
105,894,mad_aY_hand(s),0.14740697874726164
106,759,chest_pitch_q95,0.14738688361095514
107,765,hand_pitch_std,0.14732045430499666
108,910,rms_gZ_hand(s),0.14713420139832631
109,893,mad_aX_hand(s),0.14623722634122563
110,1008,bin_90_aZ_hand(t),0.14589540471454235
111,762,hand_roll_kurtosis,0.14398685868426514
112,875,std_aX_chest(s),0.14387521371788795
113,996,bin_30_aX_hand(t),0.14187452037047857
114,782,hand_roll_crestfactor,0.14089231437043398
115,89,std_gZ_hand(t),0.1408859374759967
116,126,rms_aX_chest(t),0.14009058515029774
117,250,derivative_1_std_gZ_hand,0.13620416938353458
118,18,median_aX_chest(t),0.13609341055894786
119,918,crestfactor_aY_hand(s),0.13560156810373969
120,539,derivative_3_std_aX_chest,0.1347979755547003
121,1003,bin_90_aY_hand(t),0.13388918463388036
122,1006,bin_30_aZ_hand(t),0.13356586960028033
123,54,q80_aX_chest(t),0.13096427515951714
124,911,rms_aX_chest(s),0.1267066917515994
125,895,mad_aZ_hand(s),0.12587762463777155
126,943,sma_hg(s),0.12568995465738977
127,951,spectral_energy_gZ_hand,0.12559355170090664
128,952,spectral_energy_aX_chest,0.12554722582096897
129,684,derivative_4_std_aY_chest,0.1252188074952742
130,865,kurtosis_aZ_chest(s),0.12480062722177711
131,874,std_gZ_hand(s),0.12403377076881585
132,925,crestfactor_aZ_chest(s),0.12377073310120104
133,66,q95_aX_chest(t),0.12311229929555582
134,113,mad_gZ_hand(t),0.1210245020582556
135,898,mad_gZ_hand(s),0.11954086425134201
136,1007,bin_70_aZ_hand(t),0.11894515508919096
137,125,rms_gZ_hand(t),0.11864598656347583
138,433,derivative_2_rms_aZ_chest,0.11862253100056688
139,274,derivative_1_mad_gZ_hand,0.11795195638929509
140,997,bin_70_aX_hand(t),0.11782445208892861
141,1034,bin_0_aZ_chest(t),0.11672329812703618
142,155,smv_ca(t),0.11552269975077653
143,787,mean_aZ_hand(s),0.11367582860989159
144,766,hand_roll_std,0.11361431678477069
145,1033,bin_90_aY_chest(t),0.11254543754894579
146,719,derivative_4_rms_aX_chest,0.11248787025108105
147,785,mean_aX_hand(s),0.11060591251657444
148,899,mad_aX_chest(s),0.10929193055411975
149,748,chest_roll_q05,0.10906074102742727
150,995,bin_10_aX_hand(t),0.10887200364718093
151,889,skew_aZ_chest(s),0.10874729971411619
152,660,derivative_4_q95_aY_chest,0.10865365356361506
153,575,derivative_3_rms_aX_chest,0.10571676380223209
154,286,derivative_1_rms_gZ_hand,0.10536621210223163
155,883,skew_aZ_hand(s),0.10506637016003643
156,158,sma_hg(t),0.10488081942687796
157,722,derivative_4_rms_gX_chest,0.10440917726457691
158,434,derivative_2_rms_gX_chest,0.10376721035906439
159,707,derivative_4_mad_aX_chest,0.10373674383539092
160,924,crestfactor_aY_chest(s),0.1033171595084556
161,919,crestfactor_aZ_hand(s),0.10328587823369044
162,971,spectral_centroid_aY_hand,0.10323060681094917
163,864,kurtosis_aY_chest(s),0.10208755009384457
164,29,q05_gZ_hand(t),0.1020837990596703
165,542,derivative_3_std_gX_chest,0.10079167292283414
166,154,smv_hg(t),0.10077994108880904
167,253,derivative_1_std_aZ_chest,0.099971386660397357
168,720,derivative_4_rms_aY_chest,0.099962577293229382
169,904,mad_gZ_chest(s),0.099849201754088873
170,972,spectral_centroid_aZ_hand,0.09911639784451115
171,857,kurtosis_aX_hand(s),0.098476774504459255
172,289,derivative_1_rms_aZ_chest,0.098166613183464632
173,529,derivative_3_kurtosis_aZ_chest,0.097976250537230969
174,659,derivative_4_q95_aX_chest,0.097363336636820744
175,421,derivative_2_mad_aZ_chest,0.096276580683827107
176,91,std_aY_chest(t),0.096270558052364508
177,151,corr_haY_caY(t),0.095726389054197059
178,786,mean_aY_hand(s),0.095490041618237514
179,398,derivative_2_std_gX_chest,0.095326054393127385
180,92,std_aZ_chest(t),0.095073563356364715
181,793,mean_aZ_chest(s),0.09425746944978465
182,204,derivative_1_q20_aY_chest,0.094171636259466937
183,1005,bin_10_aZ_hand(t),0.094148221788097383
184,859,kurtosis_aZ_hand(s),0.093958593881257421
185,576,derivative_3_rms_aY_chest,0.09385800990478789
186,478,derivative_3_q05_gZ_hand,0.092790099227725895
187,94,std_gY_chest(t),0.092389822515870981
188,540,derivative_3_std_aY_chest,0.091701537490101334
189,541,derivative_3_std_aZ_chest,0.090212195665253014
190,708,derivative_4_mad_aY_chest,0.08976565162470368
191,686,derivative_4_std_gX_chest,0.08969870076447882
192,917,crestfactor_aX_hand(s),0.089351863647710708
193,269,derivative_1_mad_aX_hand,0.089050212255136388
194,395,derivative_2_std_aX_chest,0.088161860805037254
195,240,derivative_1_kurtosis_aY_chest,0.088093539348699457
196,746,hand_roll_q05,0.088089996215996086
197,384,derivative_2_kurtosis_aY_chest,0.08737544053624488
198,431,derivative_2_rms_aX_chest,0.087295834405909128
199,88,std_gY_hand(t),0.087204923144166391
200,873,std_gY_hand(s),0.087189330752394212
201,882,skew_aY_hand(s),0.087072624636978069
202,771,chest_pitch_skew,0.086555798118361241
203,909,rms_gY_hand(s),0.086515739574987011
204,41,q20_gZ_hand(t),0.08646014696691659
205,577,derivative_3_rms_aZ_chest,0.086329237916411783
206,721,derivative_4_rms_aZ_chest,0.086075844300631504
207,132,crestfactor_aX_hand(t),0.085109839308291024
208,970,spectral_centroid_aX_hand,0.084706927627084969
209,79,kurtosis_aY_chest(t),0.083976400856786801
210,370,derivative_2_q95_gZ_hand,0.083857071585899792
211,115,mad_aY_chest(t),0.083597903649896332
212,202,derivative_1_q20_gZ_hand,0.083422664143795552
213,139,crestfactor_aY_chest(t),0.082756065601015866
214,1026,bin_30_aX_chest(t),0.082646385294792776
215,756,chest_roll_q80,0.082393718953503323
216,744,chest_roll_median,0.082352704797242174
217,108,mad_aX_hand(t),0.081443924258410821
218,221,derivative_1_q95_aX_hand,0.080975986335597799
219,397,derivative_2_std_aZ_chest,0.080843588906120006
220,964,spectral_entropy_aX_chest,0.080769719807639875
221,687,derivative_4_std_gY_chest,0.080597475336905519
222,977,spectral_centroid_aY_chest,0.080480562415444018
223,124,rms_gY_hand(t),0.080331396510029962
224,95,std_gZ_chest(t),0.079911088629156565
225,435,derivative_2_rms_gY_chest,0.07939293671806559
226,192,derivative_1_q05_aY_chest,0.079215690500785085
227,942,sma_ha(s),0.079134371468456241
228,334,derivative_2_q05_gZ_hand,0.078869778401553681
229,723,derivative_4_rms_gY_chest,0.078124555139077706
230,277,derivative_1_mad_aZ_chest,0.07807989266573781
231,950,spectral_energy_gY_hand,0.077994863447361881
232,123,rms_gX_hand(t),0.077812274929853445
233,566,derivative_3_mad_gX_chest,0.077767916499797474
234,789,mean_gY_hand(s),0.077465839825853477
235,579,derivative_3_rms_gY_chest,0.077447467407478474
236,515,derivative_3_q95_aX_chest,0.076948855683629233
237,772,chest_roll_skew,0.076933361384679544
238,255,derivative_1_std_gY_chest,0.076310611638296971
239,256,derivative_1_std_gZ_chest,0.076117143572492801
240,960,spectral_entropy_aZ_hand,0.075931446360338453
241,498,derivative_3_q80_aY_hand,0.075246618089225101
242,291,derivative_1_rms_gY_chest,0.074531372091419884
243,1025,bin_10_aX_chest(t),0.074503977370825897
244,543,derivative_3_std_gY_chest,0.074087009797025219
245,672,derivative_4_kurtosis_aY_chest,0.073962752167103546
246,418,derivative_2_mad_gZ_hand,0.073820938019285215
247,563,derivative_3_mad_aX_chest,0.07381121310282214
248,558,derivative_3_mad_aY_hand,0.073514060805799156
249,399,derivative_2_std_gY_chest,0.073497773417319001
250,567,derivative_3_mad_gY_chest,0.073161881413726634
251,281,derivative_1_rms_aX_hand,0.073097839200443465
252,87,std_gX_hand(t),0.072807494358073932
253,858,kurtosis_aY_hand(s),0.072777262307518825
254,138,crestfactor_aX_chest(t),0.072471088507631107
255,422,derivative_2_mad_gX_chest,0.072387103970540448
256,578,derivative_3_rms_gX_chest,0.071579335262461255
257,85,std_aY_hand(t),0.071474280348607352
258,897,mad_gY_hand(s),0.071467539674160321
259,479,derivative_3_q05_aX_chest,0.071240326248339966
260,624,derivative_4_q05_aY_chest,0.071079772888203302
261,881,skew_aX_hand(s),0.071061547538882081
262,112,mad_gY_hand(t),0.071059608832271817
263,279,derivative_1_mad_gY_chest,0.070878583350586749
264,193,derivative_1_q05_aZ_chest,0.070846394434294288
265,888,skew_aY_chest(s),0.070846366156478588
266,872,std_gX_hand(s),0.070070648632300239
267,396,derivative_2_std_aY_chest,0.070063998562891236
268,923,crestfactor_aX_chest(s),0.069987599805440226
269,930,corr_haX_haZ(s),0.06992106315013967
270,896,mad_gX_hand(s),0.069422835988250858
271,84,std_aX_hand(t),0.06873189546396645
272,278,derivative_1_mad_gX_chest,0.068085145823453833
273,908,rms_gX_hand(s),0.06788845942621323
274,111,mad_gX_hand(t),0.067632765216784976
275,976,spectral_centroid_aX_chest,0.067553141264339409
276,630,derivative_4_q20_aY_hand,0.067487146374700546
277,342,derivative_2_q20_aY_hand,0.067387839514935682
278,1027,bin_70_aX_chest(t),0.067096793367234439
279,678,derivative_4_std_aY_hand,0.066981090697993656
280,245,derivative_1_std_aX_hand,0.066617846475001394
281,1029,bin_0_aY_chest(t),0.065896548179060419
282,276,derivative_1_mad_aY_chest,0.065887984964944774
283,290,derivative_1_rms_gX_chest,0.06542475155426912
284,622,derivative_4_q05_gZ_hand,0.064961331503860839
285,1024,bin_0_aX_chest(t),0.064953961828787737
286,386,derivative_2_kurtosis_gX_chest,0.064875568565101419
287,949,spectral_energy_gX_hand,0.064613062473422897
288,228,derivative_1_q95_aY_chest,0.064562543675907677
289,671,derivative_4_kurtosis_aX_chest,0.064437022490944226
290,1004,bin_0_aZ_hand(t),0.064433041392630966
291,216,derivative_1_q80_aY_chest,0.06395951924481097
292,40,q20_gY_hand(t),0.063696134956243655
293,288,derivative_1_rms_aY_chest,0.063542173022140727
294,956,spectral_energy_gY_chest,0.063245409158555907
295,915,rms_gY_chest(s),0.062682880488886372
296,118,mad_gY_chest(t),0.062536050000846902
297,685,derivative_4_std_aZ_chest,0.062450056702335575
298,408,derivative_2_skew_aY_chest,0.062406627855030615
299,419,derivative_2_mad_aX_chest,0.062312109449927232
300,292,derivative_1_rms_gZ_chest,0.061889044749175393
301,65,q95_gZ_hand(t),0.061662317764455014
302,958,spectral_entropy_aX_hand,0.061480940676959153
303,903,mad_gY_chest(s),0.06141988266016761
304,287,derivative_1_rms_aX_chest,0.061312438697041255
305,130,rms_gY_chest(t),0.061279261906762451
306,430,derivative_2_rms_gZ_hand,0.061279178640130508
307,486,derivative_3_q20_aY_hand,0.061232745705266947
308,28,q05_gY_hand(t),0.061122657356676831
309,790,mean_gZ_hand(s),0.060988130214896116
310,191,derivative_1_q05_aX_chest,0.06095099315644497
311,673,derivative_4_kurtosis_aZ_chest,0.060708504814367577
312,856,q95_gZ_chest(s),0.060664972315708061
313,354,derivative_2_q80_aY_hand,0.060637713540686783
314,344,derivative_2_q20_gX_hand,0.060471047594915318
315,252,derivative_1_std_aY_chest,0.060422818100022681
316,758,hand_roll_q95,0.060357797363684823
317,623,derivative_4_q05_aX_chest,0.05993333595056527
318,770,hand_roll_skew,0.059771241031717617
319,190,derivative_1_q05_gZ_hand,0.059738511073954767
320,791,mean_aX_chest(s),0.059718818647083394
321,945,sma_cg(s),0.059302861054235358
322,335,derivative_2_q05_aX_chest,0.05882240259691459
323,64,q95_gY_hand(t),0.058592512404759704
324,131,rms_gZ_chest(t),0.058560922344544721
325,931,corr_haY_haZ(s),0.058342507459868166
326,254,derivative_1_std_gX_chest,0.057934888522673055
327,781,hand_pitch_crestfactor,0.057906129421150761
328,270,derivative_1_mad_aY_hand,0.057371940606857137
329,394,derivative_2_std_gZ_hand,0.056352473139699773
330,769,hand_pitch_skew,0.056250942313807811
331,144,corr_haX_haY(t),0.056120514349134058
332,185,derivative_1_q05_aX_hand,0.056072357620880232
333,337,derivative_2_q05_aZ_chest,0.055875879618782279
334,116,mad_aZ_chest(t),0.055819971417827456
335,423,derivative_2_mad_gY_chest,0.05562474756733897
336,196,derivative_1_q05_gZ_chest,0.055356899127827854
337,959,spectral_entropy_aY_hand,0.055093656083489616
338,570,derivative_3_rms_aY_hand,0.054987514274446432
339,965,spectral_entropy_aY_chest,0.054884163516127897
340,714,derivative_4_rms_aY_hand,0.054862545013984874
341,415,derivative_2_mad_aZ_hand,0.054739760369213457
342,198,derivative_1_q20_aY_hand,0.054469728563742763
343,658,derivative_4_q95_gZ_hand,0.054026000782853606
344,383,derivative_2_kurtosis_aX_chest,0.053976340153754306
345,710,derivative_4_mad_gX_chest,0.053896558886045054
346,833,q80_aX_hand(s),0.053833504802893291
347,201,derivative_1_q20_gY_hand,0.053593786437480286
348,129,rms_gX_chest(t),0.053564583405681251
349,343,derivative_2_q20_aZ_hand,0.05356261738323051
350,528,derivative_3_kurtosis_aY_chest,0.053531753696811492
351,480,derivative_3_q05_aY_chest,0.053153857294013319
352,229,derivative_1_q95_aZ_chest,0.053061885801169634
353,414,derivative_2_mad_aY_hand,0.052635933906212171
354,432,derivative_2_rms_aY_chest,0.052319694769454611
355,527,derivative_3_kurtosis_aX_chest,0.052295299704428595
356,565,derivative_3_mad_aZ_chest,0.052217792692436926
357,702,derivative_4_mad_aY_hand,0.051740541877070702
358,426,derivative_2_rms_aY_hand,0.05151032213235731
359,654,derivative_4_q95_aY_hand,0.051406225462257781
360,70,q95_gY_chest(t),0.051062437268437663
361,27,q05_gX_hand(t),0.051047249950558232
362,779,chest_pitch_rms,0.050964396306243664
363,879,std_gY_chest(s),0.050839136793816929
364,251,derivative_1_std_aX_chest,0.050054876156996546
365,941,smv_cg(s),0.049742649409277417
366,420,derivative_2_mad_aY_chest,0.049566281524145127
367,373,derivative_2_q95_aZ_chest,0.04948921031996828
368,374,derivative_2_q95_gX_chest,0.049271377146191828
369,203,derivative_1_q20_aX_chest,0.049271251246142955
370,534,derivative_3_std_aY_hand,0.049258398484356328
371,642,derivative_4_q80_aY_hand,0.049066583834829348
372,209,derivative_1_q80_aX_hand,0.04892145330496548
373,768,chest_roll_std,0.048653923355303483
374,194,derivative_1_q05_gX_chest,0.048575191215706623
375,341,derivative_2_q20_aX_hand,0.048478705891348881
376,214,derivative_1_q80_gZ_hand,0.048062195841338654
377,275,derivative_1_mad_aX_chest,0.047890386346612718
378,134,crestfactor_aZ_hand(t),0.047777239979086721
379,990,principal_frequency_aZ_chest,0.047755208627154225
380,210,derivative_1_q80_aY_hand,0.047650193137077045
381,160,sma_cg(t),0.047638840146509792
382,156,smv_cg(t),0.047357556409985672
383,146,corr_haY_haZ(t),0.047308880885058843
384,353,derivative_2_q80_aX_hand,0.047257610873694018
385,514,derivative_3_q95_gZ_hand,0.047219251410253744
386,939,smv_hg(s),0.047058401254187629
387,500,derivative_3_q80_gX_hand,0.04704317232820427
388,90,std_aX_chest(t),0.047028808540037978
389,853,q95_aZ_chest(s),0.046823880580060678
390,474,derivative_3_q05_aY_hand,0.046796912912904241
391,280,derivative_1_mad_gZ_chest,0.046791707034286839
392,222,derivative_1_q95_aY_hand,0.046687920396325501
393,109,mad_aY_hand(t),0.046494377288508047
394,385,derivative_2_kurtosis_aZ_chest,0.046400860953542802
395,709,derivative_4_mad_aZ_chest,0.046008055416895628
396,863,kurtosis_aX_chest(s),0.045905431988086921
397,1019,bin_0_gZ_hand(t),0.045529773926675537
398,103,skew_aY_chest(t),0.045518178732919544
399,206,derivative_1_q20_gX_chest,0.045503894544894015
400,390,derivative_2_std_aY_hand,0.045500774374782497
401,425,derivative_2_rms_aX_hand,0.04535354097259725
402,217,derivative_1_q80_aZ_chest,0.045294598285640975
403,119,mad_gZ_chest(t),0.045275033008847498
404,510,derivative_3_q95_aY_hand,0.04525594376396485
405,936,corr_haY_caY(s),0.045078527199983211
406,937,corr_haZ_caZ(s),0.044981595214612542
407,417,derivative_2_mad_gY_hand,0.044939541629195626
408,360,derivative_2_q80_aY_chest,0.044931593364099243
409,211,derivative_1_q80_aZ_hand,0.044826764213569292
410,145,corr_haX_haZ(t),0.044824503931104799
411,393,derivative_2_std_gY_hand,0.044475839901155681
412,562,derivative_3_mad_gZ_hand,0.044445566839209659
413,226,derivative_1_q95_gZ_hand,0.044430856560999821
414,197,derivative_1_q20_aX_hand,0.044418753343565327
415,560,derivative_3_mad_gX_hand,0.044254264456568798
416,497,derivative_3_q80_aX_hand,0.044232154068472258
417,631,derivative_4_q20_aZ_hand,0.044195654454268929
418,338,derivative_2_q05_gX_chest,0.043963013196134861
419,329,derivative_2_q05_aX_hand,0.043908266093637446
420,564,derivative_3_mad_aY_chest,0.043650043583103038
421,957,spectral_energy_gZ_chest,0.043476389551720687
422,932,corr_caX_caY(s),0.04310557047855948
423,215,derivative_1_q80_aX_chest,0.04259768189752422
424,518,derivative_3_q95_gX_chest,0.042561200879908757
425,356,derivative_2_q80_gX_hand,0.04249287250321266
426,994,bin_0_aX_hand(t),0.042114261329620449
427,711,derivative_4_mad_gY_chest,0.041872079676286214
428,336,derivative_2_q05_aY_chest,0.041814927964183166
429,375,derivative_2_q95_gY_chest,0.04142354253314489
430,34,q05_gY_chest(t),0.041387820180320216
431,794,mean_gX_chest(s),0.041314661673012586
432,230,derivative_1_q95_gX_chest,0.041290169360708673
433,559,derivative_3_mad_aZ_hand,0.041209984689543129
434,212,derivative_1_q80_gX_hand,0.041188099411203861
435,880,std_gZ_chest(s),0.041184554142840869
436,933,corr_caX_caZ(s),0.041103022316509287
437,796,mean_gZ_chest(s),0.040983213982886006
438,273,derivative_1_mad_gY_hand,0.040942797341547002
439,836,q80_gX_hand(s),0.040811146960731001
440,839,q80_aX_chest(s),0.040729453398056926
441,105,skew_gX_chest(t),0.040622901009531288
442,372,derivative_2_q95_aY_chest,0.040588285150198043
443,916,rms_gZ_chest(s),0.040067310267411171
444,53,q80_gZ_hand(t),0.039930092990339672
445,940,smv_ca(s),0.039918713287829984
446,180,derivative_1_median_aY_chest,0.039360155499428444
447,848,q95_gX_hand(s),0.039320158659668765
448,618,derivative_4_q05_aY_hand,0.039091959259162257
449,516,derivative_3_q95_aY_chest,0.038975030671269513
450,499,derivative_3_q80_aZ_hand,0.038955281319203151
451,366,derivative_2_q95_aY_hand,0.038901783523783359
452,301,derivative_1_crestfactor_aZ_chest,0.038894787604018655
453,929,corr_haX_haY(s),0.038678258804448737
454,330,derivative_2_q05_aY_hand,0.038668310224109173
455,93,std_gX_chest(t),0.038654177277101597
456,187,derivative_1_q05_aZ_hand,0.03862865590234462
457,842,q80_gX_chest(s),0.038419268775504292
458,331,derivative_2_q05_aZ_hand,0.038175164507340133
459,272,derivative_1_mad_gX_hand,0.038147518896318823
460,346,derivative_2_q20_gZ_hand,0.038047351496723857
461,389,derivative_2_std_aX_hand,0.03804727971054267
462,955,spectral_energy_gX_chest,0.037986822098048247
463,629,derivative_4_q20_aX_hand,0.03771270651563715
464,1021,bin_30_gZ_hand(t),0.037603321206302789
465,482,derivative_3_q05_gX_chest,0.037400878785169435
466,104,skew_aZ_chest(t),0.037289509488426208
467,788,mean_gX_hand(s),0.037044807883517196
468,706,derivative_4_mad_gZ_hand,0.036701510033852178
469,232,derivative_1_q95_gZ_chest,0.036669972137833996
470,227,derivative_1_q95_aX_chest,0.036437761323480151
471,110,mad_aZ_hand(t),0.036267710863331769
472,205,derivative_1_q20_aZ_chest,0.036177166356266298
473,371,derivative_2_q95_aX_chest,0.035928049613339473
474,350,derivative_2_q20_gX_chest,0.03586188172018534
475,846,q95_aY_hand(s),0.035845532208644296
476,938,smv_ha(s),0.035723384896575248
477,487,derivative_3_q20_aZ_hand,0.035666071706685933
478,677,derivative_4_std_aX_hand,0.035616805909841467
479,701,derivative_4_mad_aX_hand,0.03538670710608964
480,914,rms_gX_chest(s),0.035313051541212531
481,935,corr_haX_caX(s),0.035254332383387092
482,63,q95_gX_hand(t),0.035237194575030717
483,413,derivative_2_mad_aX_hand,0.035073324805584068
484,890,skew_gX_chest(s),0.035034407801603974
485,332,derivative_2_q05_gX_hand,0.034898854759332326
486,348,derivative_2_q20_aY_chest,0.03489740320176251
487,530,derivative_3_kurtosis_gX_chest,0.034857341237273791
488,282,derivative_1_rms_aY_hand,0.034819180955740124
489,574,derivative_3_rms_gZ_hand,0.03475247770654627
490,617,derivative_4_q05_aX_hand,0.034655232160933712
491,218,derivative_1_q80_gX_chest,0.034496622206512596
492,416,derivative_2_mad_gX_hand,0.034444157851959888
493,887,skew_aX_chest(s),0.034437511969374189
494,365,derivative_2_q95_aX_hand,0.034247308108089472
495,355,derivative_2_q80_aZ_hand,0.033641655470012626
496,878,std_gX_chest(s),0.03350555175781364
497,1038,bin_90_aZ_chest(t),0.033410627958619571
498,805,median_aZ_chest(s),0.033363481402461856
499,674,derivative_4_kurtosis_gX_chest,0.033349956175973354
500,246,derivative_1_std_aY_hand,0.033302633044958195
501,641,derivative_4_q80_aX_hand,0.033283307325713295
502,359,derivative_2_q80_aX_chest,0.033127005352105401
503,476,derivative_3_q05_gX_hand,0.032991499457898331
504,347,derivative_2_q20_aX_chest,0.032920046475379598
505,358,derivative_2_q80_gZ_hand,0.032819710281866941
506,653,derivative_4_q95_aX_hand,0.032754896010102064
507,557,derivative_3_mad_aX_hand,0.032566618804843905
508,928,crestfactor_gZ_chest(s),0.032488700464298428
509,1011,bin_30_gX_hand(t),0.032484553428112455
510,52,q80_gY_hand(t),0.03239279239284671
511,200,derivative_1_q20_gX_hand,0.032210211569353088
512,271,derivative_1_mad_aZ_hand,0.03215521459490573
513,1016,bin_30_gY_hand(t),0.032112132562861488
514,795,mean_gY_chest(s),0.032052025268623163
515,117,mad_gX_chest(t),0.032011642785305425
516,391,derivative_2_std_aZ_hand,0.031983381781491647
517,626,derivative_4_q05_gX_chest,0.03194894637270522
518,1014,bin_0_gY_hand(t),0.031743877927286883
519,284,derivative_1_rms_gX_hand,0.031692624410438346
520,841,q80_aZ_chest(s),0.031633071890371782
521,713,derivative_4_rms_aX_hand,0.031595633036511771
522,152,corr_haZ_caZ(t),0.031537672011822289
523,361,derivative_2_q80_aZ_chest,0.031431509050897269
524,619,derivative_4_q05_aZ_hand,0.031216370333779171
525,199,derivative_1_q20_aZ_hand,0.031209584006724248
526,1023,bin_90_gZ_hand(t),0.031091160459232325
527,503,derivative_3_q80_aX_chest,0.03084454807560242
528,488,derivative_3_q20_gX_hand,0.030839932385262017
529,533,derivative_3_std_aX_hand,0.030788477345058619
530,71,q95_gZ_chest(t),0.030751198758989594
531,627,derivative_4_q05_gY_chest,0.030747866985315894
532,188,derivative_1_q05_gX_hand,0.030613425763763184
533,745,hand_pitch_q05,0.030610209274665873
534,1020,bin_10_gZ_hand(t),0.030551428302109551
535,285,derivative_1_rms_gY_hand,0.030497890222317286
536,224,derivative_1_q95_gX_hand,0.030459379168439039
537,866,kurtosis_gX_chest(s),0.030441186556697607
538,868,kurtosis_gZ_chest(s),0.030355501765565035
539,362,derivative_2_q80_gX_chest,0.030352835860995141
540,892,skew_gZ_chest(s),0.030287403665542768
541,249,derivative_1_std_gY_hand,0.030228658567989741
542,662,derivative_4_q95_gX_chest,0.030181452063156339
543,114,mad_aX_chest(t),0.030089580933168512
544,189,derivative_1_q05_gY_hand,0.029965558892934521
545,339,derivative_2_q05_gY_chest,0.029502377637339032
546,569,derivative_3_rms_aX_hand,0.029462144108095199
547,902,mad_gX_chest(s),0.029195458964141163
548,1022,bin_70_gZ_hand(t),0.029017779900551915
549,333,derivative_2_q05_gY_hand,0.029009431022662246
550,643,derivative_4_q80_aZ_hand,0.028991936359534284
551,1018,bin_90_gY_hand(t),0.028816004697973886
552,400,derivative_2_std_gZ_chest,0.028808777588135843
553,248,derivative_1_std_gX_hand,0.028614828622896112
554,852,q95_aY_chest(s),0.028489300796435565
555,1009,bin_0_gX_hand(t),0.028309183627290339
556,213,derivative_1_q80_gY_hand,0.028270254202754263
557,392,derivative_2_std_gX_hand,0.027881681452100779
558,1010,bin_10_gX_hand(t),0.027816441829094717
559,208,derivative_1_q20_gZ_chest,0.027767489890885882
560,1028,bin_90_aX_chest(t),0.027625161080592188
561,715,derivative_4_rms_aZ_hand,0.027410926023608478
562,349,derivative_2_q20_aZ_chest,0.027405548641983846
563,998,bin_90_aX_hand(t),0.027337019048061097
564,265,derivative_1_skew_aZ_chest,0.027334254257810161
565,1041,bin_30_gX_chest(t),0.027325352777951055
566,247,derivative_1_std_aZ_hand,0.027228198939523014
567,223,derivative_1_q95_aZ_hand,0.02719669032230608
568,367,derivative_2_q95_aZ_hand,0.026796335418440211
569,368,derivative_2_q95_gX_hand,0.02660993501493622
570,225,derivative_1_q95_gY_hand,0.02660663369855663
571,147,corr_caX_caY(t),0.02649482584034267
572,473,derivative_3_q05_aX_hand,0.026200910565634505
573,266,derivative_1_skew_gX_chest,0.026150668429981878
574,264,derivative_1_skew_aY_chest,0.026024514997843248
575,625,derivative_4_q05_aZ_chest,0.026008649509082604
576,39,q20_gX_hand(t),0.02600398350524194
577,485,derivative_3_q20_aX_hand,0.025972293425217629
578,59,q80_gZ_chest(t),0.02581203708106701
579,538,derivative_3_std_gZ_hand,0.025732788807008387
580,33,q05_gX_chest(t),0.025711092990505464
581,646,derivative_4_q80_gZ_hand,0.025705150061609956
582,220,derivative_1_q80_gZ_chest,0.025624355944126955
583,490,derivative_3_q20_gZ_hand,0.025558122437602023
584,682,derivative_4_std_gZ_hand,0.025306091812249031
585,1046,bin_30_gY_chest(t),0.025256487776515672
586,436,derivative_2_rms_gZ_chest,0.025084530262255444
587,573,derivative_3_rms_gY_hand,0.025036039832543631
588,429,derivative_2_rms_gY_hand,0.025030293491486923
589,428,derivative_2_rms_gX_hand,0.024915576280794736
590,491,derivative_3_q20_aX_chest,0.024861804536585833
591,967,spectral_entropy_gX_chest,0.024802630677291996
592,512,derivative_3_q95_gX_hand,0.024712707478013039
593,283,derivative_1_rms_aZ_hand,0.024622735061354827
594,798,median_aY_hand(s),0.024601750839409759
595,718,derivative_4_rms_gZ_hand,0.024316501144813416
596,840,q80_aY_chest(s),0.024255072132112629
597,86,std_aZ_hand(t),0.024236225919583573
598,531,derivative_3_kurtosis_gY_chest,0.024199503857400915
599,475,derivative_3_q05_aZ_hand,0.023888749488067903
600,561,derivative_3_mad_gY_hand,0.023750931663550388
601,481,derivative_3_q05_aZ_chest,0.0235290691287659
602,661,derivative_4_q95_aZ_chest,0.0235154198692561
603,845,q95_aX_hand(s),0.023428132934906247
604,648,derivative_4_q80_aY_chest,0.023412489847440054
605,195,derivative_1_q05_gY_chest,0.023225773125067014
606,186,derivative_1_q05_aY_hand,0.023134860581396979
607,961,spectral_entropy_gX_hand,0.023066668093224316
608,363,derivative_2_q80_gY_chest,0.022976307319425852
609,369,derivative_2_q95_gY_hand,0.022816738045286937
610,242,derivative_1_kurtosis_gX_chest,0.022782961162465303
611,571,derivative_3_rms_aZ_hand,0.022768355373122984
612,241,derivative_1_kurtosis_aZ_chest,0.022700546993974773
613,835,q80_aZ_hand(s),0.022608332787019562
614,511,derivative_3_q95_aZ_hand,0.022542567931336566
615,219,derivative_1_q80_gY_chest,0.022518350324758803
616,492,derivative_3_q20_aY_chest,0.022432386388513335
617,502,derivative_3_q80_gZ_hand,0.022274895481226176
618,483,derivative_3_q05_gY_chest,0.02199408285908671
619,703,derivative_4_mad_aZ_hand,0.021919871163617228
620,231,derivative_1_q95_gY_chest,0.021873934796152607
621,634,derivative_4_q20_gZ_hand,0.021671151101221531
622,35,q05_gZ_chest(t),0.021535952665434913
623,1053,bin_90_gZ_chest(t),0.021455885732081893
624,345,derivative_2_q20_gY_hand,0.021400424279224846
625,477,derivative_3_q05_gY_hand,0.021083410950037119
626,150,corr_haX_caX(t),0.021054500072343722
627,587,derivative_3_crestfactor_aX_chest,0.020967542567694449
628,536,derivative_3_std_gX_hand,0.020792518891240223
629,239,derivative_1_kurtosis_aX_chest,0.020495691977059752
630,679,derivative_4_std_aZ_hand,0.020392347854260754
631,517,derivative_3_q95_aZ_chest,0.020005531701232759
632,655,derivative_4_q95_aZ_hand,0.019454447922035475
633,806,median_gX_chest(s),0.019330166727891996
634,850,q95_gZ_hand(s),0.019185932350421642
635,69,q95_gX_chest(t),0.019175489771782326
636,509,derivative_3_q95_aX_hand,0.019170236981693761
637,519,derivative_3_q95_gY_chest,0.018961611981684678
638,51,q80_gX_hand(t),0.018924110278614951
639,262,derivative_1_skew_gZ_hand,0.018919700986921407
640,237,derivative_1_kurtosis_gY_hand,0.018814201981960928
641,834,q80_aY_hand(s),0.018755077141271261
642,588,derivative_3_crestfactor_aY_chest,0.018475284035980467
643,716,derivative_4_rms_gX_hand,0.018424279226775753
644,81,kurtosis_gX_chest(t),0.01840873597152003
645,656,derivative_4_q95_gX_hand,0.018396517977687123
646,1017,bin_70_gY_hand(t),0.018374396184699392
647,427,derivative_2_rms_aZ_hand,0.01834706259772366
648,635,derivative_4_q20_aX_chest,0.018333560780744197
649,507,derivative_3_q80_gY_chest,0.018295838615798168
650,513,derivative_3_q95_gY_hand,0.018209816519947918
651,233,derivative_1_kurtosis_aX_hand,0.018060250885069341
652,926,crestfactor_gX_chest(s),0.018021373382808389
653,80,kurtosis_aZ_chest(t),0.017841042880846807
654,854,q95_gX_chest(s),0.017819052787516592
655,506,derivative_3_q80_gX_chest,0.017787145887653934
656,424,derivative_2_mad_gZ_chest,0.017652259900638359
657,97,skew_aY_hand(t),0.017636556180282346
658,861,kurtosis_gY_hand(s),0.017622650311996713
659,3,mean_gX_hand(t),0.01760162141848284
660,493,derivative_3_q20_aZ_chest,0.017490169297586788
661,207,derivative_1_q20_gY_chest,0.017448312117257479
662,663,derivative_4_q95_gY_chest,0.017262964125842935
663,572,derivative_3_rms_gX_hand,0.017182129464485132
664,535,derivative_3_std_aZ_hand,0.017061641702374754
665,963,spectral_entropy_gZ_hand,0.017035844862736495
666,1039,bin_0_gX_chest(t),0.016836147535977872
667,148,corr_caX_caZ(t),0.016735873576655697
668,651,derivative_4_q80_gY_chest,0.016623200842128212
669,743,chest_pitch_median,0.016486214489803148
670,885,skew_gY_hand(s),0.016370065463942443
671,681,derivative_4_std_gY_hand,0.016330718668685504
672,838,q80_gZ_hand(s),0.016312694418704268
673,1051,bin_30_gZ_chest(t),0.016220474680085039
674,731,derivative_4_crestfactor_aX_chest,0.016197383853043409
675,300,derivative_1_crestfactor_aY_chest,0.016055211410881984
676,755,chest_pitch_q80,0.015872290325267338
677,382,derivative_2_kurtosis_gZ_hand,0.015727766351697856
678,680,derivative_4_std_gX_hand,0.015708334697699909
679,505,derivative_3_q80_aZ_chest,0.01530468956162836
680,135,crestfactor_gX_hand(t),0.015110147090309618
681,21,median_gX_chest(t),0.015109296288645916
682,238,derivative_1_kurtosis_gZ_hand,0.014978540927495607
683,1013,bin_90_gX_hand(t),0.014939581437983757
684,504,derivative_3_q80_aY_chest,0.014869258138312653
685,351,derivative_2_q20_gY_chest,0.014839972387749667
686,357,derivative_2_q80_gY_hand,0.01482532414134286
687,867,kurtosis_gY_chest(s),0.014771557305259963
688,969,spectral_entropy_gZ_chest,0.014761812392955839
689,445,derivative_2_crestfactor_aZ_chest,0.014641640989995722
690,822,q20_aY_hand(s),0.014444534771217918
691,891,skew_gY_chest(s),0.014227185350457956
692,638,derivative_4_q20_gX_chest,0.014153451916246815
693,537,derivative_3_std_gY_hand,0.014147010616583742
694,639,derivative_4_q20_gY_chest,0.014018084124838381
695,402,derivative_2_skew_aY_hand,0.013911033418117304
696,47,q20_gZ_chest(t),0.013712928607695267
697,378,derivative_2_kurtosis_aY_hand,0.013620463730019496
698,797,median_aX_hand(s),0.013456634842260463
699,293,derivative_1_crestfactor_aX_hand,0.013412721103458194
700,799,median_aZ_hand(s),0.013324990619506868
701,1043,bin_90_gX_chest(t),0.013311559340394786
702,675,derivative_4_kurtosis_gY_chest,0.01323135317941535
703,234,derivative_1_kurtosis_aY_hand,0.013190256486038113
704,804,median_aY_chest(s),0.013140970343345581
705,704,derivative_4_mad_gX_hand,0.013139418563512251
706,886,skew_gZ_hand(s),0.013094186955733752
707,181,derivative_1_median_aZ_chest,0.01308159452384843
708,734,derivative_4_crestfactor_gX_chest,0.013032235750214843
709,57,q80_gX_chest(t),0.01302513509815896
710,243,derivative_1_kurtosis_gY_chest,0.012833922742203654
711,387,derivative_2_kurtosis_gY_chest,0.012829966002909202
712,522,derivative_3_kurtosis_aY_hand,0.012777280590670681
713,495,derivative_3_q20_gY_chest,0.012745858245313796
714,717,derivative_4_rms_gY_hand,0.012583454532090621
715,620,derivative_4_q05_gX_hand,0.012562348774803946
716,72,kurtosis_aX_hand(t),0.012518665164036632
717,705,derivative_4_mad_gY_hand,0.012496449710352214
718,99,skew_gX_hand(t),0.012485828499541853
719,401,derivative_2_skew_aX_hand,0.012483897903629401
720,632,derivative_4_q20_gX_hand,0.012209664515359252
721,544,derivative_3_std_gZ_chest,0.012208751763277398
722,443,derivative_2_crestfactor_aX_chest,0.012151284924103773
723,636,derivative_4_q20_aY_chest,0.012071081050199089
724,446,derivative_2_crestfactor_gX_chest,0.01206931979208405
725,236,derivative_1_kurtosis_gX_hand,0.012064004318273099
726,665,derivative_4_kurtosis_aX_hand,0.012022627214274412
727,58,q80_gY_chest(t),0.011961367916320634
728,46,q20_gY_chest(t),0.011937134894585564
729,884,skew_gX_hand(s),0.01193009549063891
730,447,derivative_2_crestfactor_gY_chest,0.011837239014320537
731,73,kurtosis_aY_hand(t),0.011715982246797704
732,298,derivative_1_crestfactor_gZ_hand,0.011699750530706283
733,1012,bin_70_gX_hand(t),0.01162573626219765
734,855,q95_gY_chest(s),0.011484299838952968
735,847,q95_aZ_hand(s),0.011480627039515681
736,862,kurtosis_gZ_hand(s),0.011258508510563767
737,844,q80_gZ_chest(s),0.011200683178087263
738,644,derivative_4_q80_gX_hand,0.011199605909234783
739,1042,bin_70_gX_chest(t),0.011137244285188886
740,962,spectral_entropy_gY_hand,0.011113414051207618
741,494,derivative_3_q20_gX_chest,0.011082656491091396
742,851,q95_aX_chest(s),0.011057120417231052
743,317,derivative_2_median_aX_hand,0.010942518446810318
744,1048,bin_90_gY_chest(t),0.010849958364560855
745,141,crestfactor_gX_chest(t),0.010730052016147176
746,837,q80_gY_hand(s),0.010486534934084094
747,637,derivative_4_q20_aZ_chest,0.010435829379908695
748,137,crestfactor_gZ_hand(t),0.010416444917001952
749,4,mean_gY_hand(t),0.010340155521859584
750,444,derivative_2_crestfactor_aY_chest,0.010318804090764425
751,377,derivative_2_kurtosis_aX_hand,0.010292066058380742
752,732,derivative_4_crestfactor_aY_chest,0.010281805362653277
753,580,derivative_3_rms_gZ_chest,0.010236602245049025
754,1049,bin_0_gZ_chest(t),0.010222747473065895
755,823,q20_aZ_hand(s),0.010085878389804175
756,257,derivative_1_skew_aX_hand,0.0099908070560087089
757,294,derivative_1_crestfactor_aY_hand,0.0099799049452953849
758,136,crestfactor_gY_hand(t),0.0099622223032688473
759,520,derivative_3_q95_gZ_chest,0.0099550083582828838
760,235,derivative_1_kurtosis_aZ_hand,0.0098821971717532632
761,406,derivative_2_skew_gZ_hand,0.0098620665287224383
762,650,derivative_4_q80_gX_chest,0.0097606460835058025
763,318,derivative_2_median_aY_hand,0.0097544364173752559
764,810,q05_aY_hand(s),0.009682674670366237
765,669,derivative_4_kurtosis_gY_hand,0.009640605915941132
766,590,derivative_3_crestfactor_gX_chest,0.0096265691702258297
767,647,derivative_4_q80_aX_chest,0.0095402237098796139
768,98,skew_aZ_hand(t),0.0095313394233292326
769,724,derivative_4_rms_gZ_chest,0.0095204311703464585
770,45,q20_gX_chest(t),0.0095097534042315971
771,409,derivative_2_skew_aZ_chest,0.0093942808454398393
772,380,derivative_2_kurtosis_gX_hand,0.0093939347311866317
773,1044,bin_0_gY_chest(t),0.0092966467948321189
774,102,skew_aX_chest(t),0.0092665606059347139
775,922,crestfactor_gZ_hand(s),0.0092279012828909955
776,666,derivative_4_kurtosis_aY_hand,0.0092077214059187364
777,388,derivative_2_kurtosis_gZ_chest,0.0091964201981953719
778,501,derivative_3_q80_gY_hand,0.0091569010147168773
779,1015,bin_10_gY_hand(t),0.0091342793923391823
780,442,derivative_2_crestfactor_gZ_hand,0.0091254827900184958
781,523,derivative_3_kurtosis_aZ_hand,0.0090453739955863761
782,803,median_aX_chest(s),0.0090051860409206905
783,668,derivative_4_kurtosis_gX_hand,0.0089270849391105099
784,521,derivative_3_kurtosis_aX_hand,0.0088776991038863693
785,649,derivative_4_q80_aZ_chest,0.0088021898677516034
786,849,q95_gY_hand(s),0.0086839024553380887
787,526,derivative_3_kurtosis_gZ_hand,0.008633692924699345
788,263,derivative_1_skew_aX_chest,0.0085846005338723521
789,667,derivative_4_kurtosis_aZ_hand,0.0085677189958083683
790,376,derivative_2_q95_gZ_chest,0.0085099639335269733
791,968,spectral_entropy_gY_chest,0.008457560256848632
792,688,derivative_4_std_gZ_chest,0.0084545275686124539
793,484,derivative_3_q05_gZ_chest,0.008449849055144688
794,340,derivative_2_q05_gZ_chest,0.0084232914596122973
795,988,principal_frequency_aX_chest,0.0083787812347492323
796,297,derivative_1_crestfactor_gY_hand,0.0083247816536246456
797,657,derivative_4_q95_gY_hand,0.0083023243936681691
798,379,derivative_2_kurtosis_aZ_hand,0.0082281502076905176
799,11,mean_gZ_chest(t),0.0080767523287608688
800,767,chest_pitch_std,0.0080321911209695097
801,979,spectral_centroid_gX_chest,0.0079973684373317398
802,437,derivative_2_crestfactor_aX_hand,0.0079730839912959244
803,524,derivative_3_kurtosis_gX_hand,0.0079466743748280687
804,843,q80_gY_chest(s),0.0079460751191733642
805,670,derivative_4_kurtosis_gZ_hand,0.0079362053375455002
806,96,skew_aX_hand(t),0.0079336819872561585
807,676,derivative_4_kurtosis_gZ_chest,0.0079081028316463024
808,1052,bin_70_gZ_chest(t),0.0079051704302036015
809,364,derivative_2_q80_gZ_chest,0.0078362560247278099
810,927,crestfactor_gY_chest(s),0.0078255825107878454
811,10,mean_gY_chest(t),0.0078208470052465954
812,725,derivative_4_crestfactor_aX_hand,0.0077697015400991229
813,268,derivative_1_skew_gZ_chest,0.0077578504418425254
814,22,median_gY_chest(t),0.0077573276561374027
815,1050,bin_10_gZ_chest(t),0.0077506690049074373
816,258,derivative_1_skew_aY_hand,0.0076561812456277314
817,23,median_gZ_chest(t),0.0076374269396451439
818,177,derivative_1_median_gY_hand,0.0075889142180339784
819,74,kurtosis_aZ_hand(t),0.007586992544027533
820,78,kurtosis_aX_chest(t),0.007567557631307815
821,921,crestfactor_gY_hand(s),0.0075619496612480209
822,15,median_gX_hand(t),0.0075372545040224255
823,410,derivative_2_skew_gX_chest,0.0075162432188603176
824,621,derivative_4_q05_gY_hand,0.0075143555228279115
825,860,kurtosis_gX_hand(s),0.0074603039488921521
826,730,derivative_4_crestfactor_gZ_hand,0.0073541618129852023
827,920,crestfactor_gX_hand(s),0.0073233002568842548
828,712,derivative_4_mad_gZ_chest,0.0072688001955912114
829,404,derivative_2_skew_gX_hand,0.0072179976125670234
830,260,derivative_1_skew_gX_hand,0.0071089866048244668
831,244,derivative_1_kurtosis_gZ_chest,0.0069744008130595853
832,182,derivative_1_median_gX_chest,0.0068202270757097283
833,568,derivative_3_mad_gZ_chest,0.0067710871705893736
834,403,derivative_2_skew_aZ_hand,0.0067688335804660981
835,173,derivative_1_median_aX_hand,0.0066384607028317369
836,381,derivative_2_kurtosis_gY_hand,0.0065872367621809093
837,299,derivative_1_crestfactor_aX_chest,0.0065524156365460847
838,5,mean_gZ_hand(t),0.0064080106236948783
839,438,derivative_2_crestfactor_aY_hand,0.0063712829166165481
840,726,derivative_4_crestfactor_aY_hand,0.0063679114233709568
841,142,crestfactor_gY_chest(t),0.0063570315402034809
842,645,derivative_4_q80_gY_hand,0.0063225842324306529
843,633,derivative_4_q20_gY_hand,0.0062941423238032828
844,1047,bin_70_gY_chest(t),0.0062530557411209324
845,1045,bin_10_gY_chest(t),0.0062370919683877113
846,532,derivative_3_kurtosis_gZ_chest,0.0062120228816196707
847,821,q20_aX_hand(s),0.0062001037193719901
848,582,derivative_3_crestfactor_aY_hand,0.0061393248155288717
849,261,derivative_1_skew_gY_hand,0.0059811763027086485
850,553,derivative_3_skew_aZ_chest,0.0059718800332804129
851,295,derivative_1_crestfactor_aZ_hand,0.0059306035439446649
852,439,derivative_2_crestfactor_aZ_hand,0.0059125877756299357
853,17,median_gZ_hand(t),0.0058534131478208771
854,101,skew_gZ_hand(t),0.0058494786226298652
855,550,derivative_3_skew_gZ_hand,0.0058188917868997898
856,259,derivative_1_skew_aZ_hand,0.0057312689568940946
857,296,derivative_1_crestfactor_gX_hand,0.0056025668942995795
858,100,skew_gY_hand(t),0.0055582847445259142
859,16,median_gY_hand(t),0.005536058365723226
860,448,derivative_2_crestfactor_gZ_chest,0.0055236470216029725
861,174,derivative_1_median_aY_hand,0.0055177062366698944
862,1040,bin_10_gX_chest(t),0.0054572224253139068
863,304,derivative_1_crestfactor_gZ_chest,0.0054520896208655311
864,77,kurtosis_gZ_hand(t),0.0054329790198632743
865,525,derivative_3_kurtosis_gY_hand,0.0054028894419068836
866,802,median_gZ_hand(s),0.0053980071428254466
867,302,derivative_1_crestfactor_gX_chest,0.0053410808397725282
868,586,derivative_3_crestfactor_gZ_hand,0.0053386075503757801
869,9,mean_gX_chest(t),0.0053203535711569307
870,178,derivative_1_median_gZ_hand,0.0052773623207234511
871,691,derivative_4_skew_aZ_hand,0.0052728841224083008
872,440,derivative_2_crestfactor_gX_hand,0.0052081079544482748
873,975,spectral_centroid_gZ_hand,0.00519321946270449
874,585,derivative_3_crestfactor_gY_hand,0.0051155782909386152
875,583,derivative_3_crestfactor_aZ_hand,0.0050939143204317659
876,727,derivative_4_crestfactor_aZ_hand,0.0050680135277756805
877,980,spectral_centroid_gY_chest,0.0050489210716072007
878,589,derivative_3_crestfactor_aZ_chest,0.0050350948870788014
879,303,derivative_1_crestfactor_gY_chest,0.0050138429847067546
880,319,derivative_2_median_aZ_hand,0.004890561224236656
881,545,derivative_3_skew_aX_hand,0.0047996386711791966
882,584,derivative_3_crestfactor_gX_hand,0.0047950825497053342
883,592,derivative_3_crestfactor_gZ_chest,0.0047932798659169303
884,489,derivative_3_q20_gY_hand,0.0047626654727481394
885,352,derivative_2_q20_gZ_chest,0.0046319835025293056
886,809,q05_aX_hand(s),0.0046170489086516881
887,735,derivative_4_crestfactor_gY_chest,0.0045952235863317079
888,695,derivative_4_skew_aX_chest,0.004557146673872311
889,697,derivative_4_skew_aZ_chest,0.0045562073494899696
890,407,derivative_2_skew_aX_chest,0.0045081685707108977
891,729,derivative_4_crestfactor_gY_hand,0.0045044907381555799
892,555,derivative_3_skew_gY_chest,0.0043807539272662519
893,76,kurtosis_gY_hand(t),0.0043741521804266459
894,324,derivative_2_median_aY_chest,0.0043627335654517841
895,694,derivative_4_skew_gZ_hand,0.0042859241317457454
896,83,kurtosis_gZ_chest(t),0.0042779262502002707
897,183,derivative_1_median_gY_chest,0.004271754631045766
898,733,derivative_4_crestfactor_aZ_chest,0.0042327809995810484
899,320,derivative_2_median_gX_hand,0.0042273185840457743
900,692,derivative_4_skew_gX_hand,0.004221907231566506
901,554,derivative_3_skew_gX_chest,0.0042067906619862204
902,547,derivative_3_skew_aZ_hand,0.0041694611567083756
903,405,derivative_2_skew_gY_hand,0.004162472031841646
904,696,derivative_4_skew_aY_chest,0.0041275024788778193
905,546,derivative_3_skew_aY_hand,0.0041145193421222477
906,830,q20_gX_chest(s),0.0040901249678041698
907,411,derivative_2_skew_gY_chest,0.0040369084175948897
908,143,crestfactor_gZ_chest(t),0.0040104834177352132
909,811,q05_aZ_hand(s),0.0039904694107769593
910,75,kurtosis_gX_hand(t),0.0039851425805700518
911,693,derivative_4_skew_gY_hand,0.0039844306376081188
912,973,spectral_centroid_gX_hand,0.0038781514176931828
913,981,spectral_centroid_gZ_chest,0.0038761103546048688
914,591,derivative_3_crestfactor_gY_chest,0.0038224200643045114
915,267,derivative_1_skew_gY_chest,0.0037951640348848508
916,107,skew_gZ_chest(t),0.0037672809277828905
917,323,derivative_2_median_aX_chest,0.0036942005414023686
918,412,derivative_2_skew_gZ_chest,0.0036809166481575374
919,800,median_gX_hand(s),0.0036738575449815868
920,690,derivative_4_skew_aY_hand,0.003672327240254623
921,551,derivative_3_skew_aX_chest,0.0036637807804264073
922,829,q20_aZ_chest(s),0.0035851444074123107
923,607,derivative_4_median_aZ_hand,0.0035361234580854311
924,470,derivative_3_median_gX_chest,0.003523425723641263
925,689,derivative_4_skew_aX_hand,0.0035213338163819236
926,640,derivative_4_q20_gZ_chest,0.0035202880374859231
927,552,derivative_3_skew_aY_chest,0.0033964272132426302
928,728,derivative_4_crestfactor_gX_hand,0.0033468024852656695
929,664,derivative_4_q95_gZ_chest,0.0033455025867276072
930,496,derivative_3_q20_gZ_chest,0.0033452145466263965
931,548,derivative_3_skew_gX_hand,0.00331742435657218
932,974,spectral_centroid_gY_hand,0.0032944559552060384
933,581,derivative_3_crestfactor_aX_hand,0.0032681211911184289
934,322,derivative_2_median_gZ_hand,0.0032309455342165458
935,549,derivative_3_skew_gY_hand,0.0032257389668764974
936,175,derivative_1_median_aZ_hand,0.0032083233459976705
937,82,kurtosis_gY_chest(t),0.0031908241725309232
938,106,skew_gY_chest(t),0.0031585484312891586
939,179,derivative_1_median_aX_chest,0.0031081316972611656
940,628,derivative_4_q05_gZ_chest,0.0030774605481237271
941,736,derivative_4_crestfactor_gZ_chest,0.0030449392416540036
942,184,derivative_1_median_gZ_chest,0.0030249610749532108
943,699,derivative_4_skew_gY_chest,0.0029451880895204671
944,983,principal_frequency_aY_hand,0.0029093221398437956
945,613,derivative_4_median_aZ_chest,0.00289153941473861
946,828,q20_aY_chest(s),0.0028753315504618953
947,461,derivative_3_median_aX_hand,0.0028710447720301895
948,463,derivative_3_median_aZ_hand,0.0028676907448102053
949,176,derivative_1_median_gX_hand,0.0028661116360909045
950,469,derivative_3_median_aZ_chest,0.0028238045062234053
951,556,derivative_3_skew_gZ_chest,0.0028069850220056175
952,698,derivative_4_skew_gX_chest,0.0028055255180733886
953,614,derivative_4_median_gX_chest,0.0027742754580748165
954,652,derivative_4_q80_gZ_chest,0.002769412902772717
955,441,derivative_2_crestfactor_gY_hand,0.0027389277303365134
956,508,derivative_3_q80_gZ_chest,0.0027278314553418961
957,327,derivative_2_median_gY_chest,0.0026348081622909057
958,467,derivative_3_median_aX_chest,0.0026176719074227778
959,987,principal_frequency_gZ_hand,0.0025890202732615024
960,612,derivative_4_median_aY_chest,0.0025505486918590168
961,465,derivative_3_median_gY_hand,0.0025074731121872227
962,462,derivative_3_median_aY_hand,0.0024780040119878576
963,472,derivative_3_median_gZ_chest,0.0024690716172326172
964,325,derivative_2_median_aZ_chest,0.0024657258510384509
965,326,derivative_2_median_gX_chest,0.0024116811431376304
966,817,q05_aZ_chest(s),0.002388125646663671
967,468,derivative_3_median_aY_chest,0.0023389132078731009
968,615,derivative_4_median_gY_chest,0.0023195981859351058
969,610,derivative_4_median_gZ_hand,0.0022987099626197013
970,605,derivative_4_median_aX_hand,0.0022925847368670221
971,466,derivative_3_median_gZ_hand,0.0022898690807505377
972,328,derivative_2_median_gZ_chest,0.0022229559895718728
973,471,derivative_3_median_gY_chest,0.0021767126728043777
974,831,q20_gY_chest(s),0.0021010655225833954
975,815,q05_aX_chest(s),0.002030545217835376
976,700,derivative_4_skew_gZ_chest,0.0020242695324866819
977,464,derivative_3_median_gX_hand,0.0020080376635194493
978,606,derivative_4_median_aY_hand,0.0019965363177741843
979,608,derivative_4_median_gX_hand,0.0019809208359656207
980,609,derivative_4_median_gY_hand,0.0019782859889037586
981,616,derivative_4_median_gZ_chest,0.0019607192746384752
982,807,median_gY_chest(s),0.0019522346578866785
983,321,derivative_2_median_gY_hand,0.001791390360079369
984,814,q05_gZ_hand(s),0.0017371389325924109
985,827,q20_aX_chest(s),0.0016317560669007341
986,171,derivative_1_mean_gY_chest,0.0015870140634446524
987,824,q20_gX_hand(s),0.0015491374057350134
988,611,derivative_4_median_aX_chest,0.0015423623604490897
989,826,q20_gZ_hand(s),0.001516340851107271
990,169,derivative_1_mean_aZ_chest,0.001470152420832143
991,993,principal_frequency_gZ_chest,0.0014481186365743928
992,985,principal_frequency_gX_hand,0.0013767165851361128
993,801,median_gY_hand(s),0.0013654722625746885
994,167,derivative_1_mean_aX_chest,0.0013628541871575138
995,816,q05_aY_chest(s),0.0012737221496239349
996,986,principal_frequency_gY_hand,0.0011917568170139573
997,825,q20_gY_hand(s),0.001150807237670708
998,162,derivative_1_mean_aY_hand,0.0011386116233207805
999,808,median_gZ_chest(s),0.0011348226471285623
1000,832,q20_gZ_chest(s),0.0011151510309310849
1001,163,derivative_1_mean_aZ_hand,0.0011139565913640961
1002,991,principal_frequency_gX_chest,0.0010390079904573223
1003,812,q05_gX_hand(s),0.0010327486938897603
1004,992,principal_frequency_gY_chest,0.00093785165488425161
1005,813,q05_gY_hand(s),0.00093704449687474409
1006,818,q05_gX_chest(s),0.00091067401021789282
1007,161,derivative_1_mean_aX_hand,0.00088018351486366427
1008,166,derivative_1_mean_gZ_hand,0.00085219725945267458
1009,168,derivative_1_mean_aY_chest,0.00084456277760293298
1010,172,derivative_1_mean_gZ_chest,0.00081688570310499073
1011,820,q05_gZ_chest(s),0.00076350972528549832
1012,819,q05_gY_chest(s),0.00064368865256621895
1013,170,derivative_1_mean_gX_chest,0.00058279045898814103
1014,165,derivative_1_mean_gY_hand,0.00054570484130410607
1015,309,derivative_2_mean_gY_hand,0.00050636535772590027
1016,164,derivative_1_mean_gX_hand,0.00047533763949559395
1017,454,derivative_3_mean_gZ_hand,0.00040793435640285042
1018,312,derivative_2_mean_aY_chest,0.00038651107122119807
1019,314,derivative_2_mean_gX_chest,0.00038158847076741494
1020,982,principal_frequency_aX_hand,0.00035676671982089333
1021,459,derivative_3_mean_gY_chest,0.00035602298795638023
1022,595,derivative_4_mean_aZ_hand,0.00035588176073384593
1023,316,derivative_2_mean_gZ_chest,0.00034901940943964441
1024,307,derivative_2_mean_aZ_hand,0.00033365808291809358
1025,308,derivative_2_mean_gX_hand,0.00032841883439318538
1026,452,derivative_3_mean_gX_hand,0.00031838677912447358
1027,598,derivative_4_mean_gZ_hand,0.00031620030133253595
1028,984,principal_frequency_aZ_hand,0.00031445068709668784
1029,597,derivative_4_mean_gY_hand,0.00029846892974002041
1030,594,derivative_4_mean_aY_hand,0.0002933597969748922
1031,305,derivative_2_mean_aX_hand,0.00029002386444092372
1032,601,derivative_4_mean_aZ_chest,0.00027894314727481157
1033,313,derivative_2_mean_aZ_chest,0.00026575733943298078
1034,604,derivative_4_mean_gZ_chest,0.00026040322537568814
1035,603,derivative_4_mean_gY_chest,0.00025808883402501351
1036,449,derivative_3_mean_aX_hand,0.00023271114619393698
1037,455,derivative_3_mean_aX_chest,0.00023065959828821105
1038,456,derivative_3_mean_aY_chest,0.00022820305358350426
1039,457,derivative_3_mean_aZ_chest,0.00022814624553057792
1040,600,derivative_4_mean_aY_chest,0.00022101608461072342
1041,458,derivative_3_mean_gX_chest,0.00021978506479022119
1042,460,derivative_3_mean_gZ_chest,0.00020817392239702039
1043,311,derivative_2_mean_aX_chest,0.00019005906552799174
1044,596,derivative_4_mean_gX_hand,0.00018821874087469463
1045,453,derivative_3_mean_gY_hand,0.00018240653715391933
1046,450,derivative_3_mean_aY_hand,0.00017500193584493609
1047,306,derivative_2_mean_aY_hand,0.00017071312716604925
1048,602,derivative_4_mean_gX_chest,0.00016837954507196586
1049,315,derivative_2_mean_gY_chest,0.00015157123736773319
1050,310,derivative_2_mean_gZ_hand,0.00014874795748339174
1051,593,derivative_4_mean_aX_hand,0.00013749498949368311
1052,451,derivative_3_mean_aZ_hand,0.00012718893467238688
1053,599,derivative_4_mean_aX_chest,9.2114799805143724e-05
1054,989,principal_frequency_aY_chest,0.0
